Name;Address 1;Address 2;ZIP-Code;City;Country
Accelera Solutions Inc.;201 Miller Street;Level 15;2060;North Sydney;AU
Access411;52 Grumbacher Rd. Ste 1 Dba Access411;;17401;York PA;US
Ace Mentor Program Of Gwma;1401 New York Ave, Nw Suite 900;;20001;Washington DC;US
Ace-Federal Reporter Inc;1120 G Street Nw Suite 500;;20001;Washington DC;US
Adoptions Together Inc;10230 New Hampshire Ave #200;;20901;Silver Spring MD;US
Advanced Medical Waste Soluti;8716 Damascus Rd.;;20872;Damascus MD;US
African Translation Llc;1250 Connecticut Ave. Nw Suite 200;;20001;Washington DC;US
Agrium Advanced Technologies;2915 Rocky Mountain Avenue Suite 400;;80537;Loveland CO;US
Airgas East Inc.;6990 Snowdrift Road;;18101;Allentown PA;US
Allied Telecom Group,Llc;1120 20Th Street Nw Suite 500;;20001;Washington DC;US
Alpine Trading Co Inc.;400 Overpeck Ave;;7631;Englewood NJ;US
Alta Bicycle Share, Inc.;711 Se Grand Avenue;;97201;Portland OR;US
American Arbitration Assoc.;335 Madison Ave 10 Floor;;10001;New York NY;US
American Assn. Of State Highwa;444 North Capitol St Nw;;20001;Washington DC;US
American Express Company;2975 W Corporate Lakes Blvd Cpc Remittance Processing;;33326;Weston FL;US
American Fleet Sales & Svcs;201 Ritchie Road Building C;;20743;Capitol Heights MD;US
American Health & Wellness;25 Professional Way, #101;;24482;Verona VA;US
American Institute Of Cpa'S;220 Leigh Farm Road;;27701;Durham NC;US
American Institutes For Research;1000 Thomas Jefferson St. Nw.;;20001;Washington DC;US
American Legacy Foundation;1724 Massachusetts Ave, Nw;;20001;Washington DC;US
American Library Association;50 East Huron Street;;60602;Chicago IL;US
American Mechanical Svcs Of Md;13300 Mid Atlantic Blvd;;20707;Laurel MD;US
American Supply Company;316 F. St. Ne. 103;;20001;Washington DC;US
Ami Magunia;627 S. Dean Street;;21128;Baltimore MD;US
Amtek Company, Inc.;1244 Ritchie Hwy, Suite 10;;21012;Arnold MD;US
Amy Jacques Garvey Institute, Inc.;4243 Lane Place, Ne;;20001;Washington DC;US
Anacostia Comm. Outreach Ctr;711 24Th St., Ne #119;;20001;Washington DC;US
Anasazi, Software Inc.;9831 S 51St Street Suite -C117;;85003;Phoenix AZ;US
Anchor Construction Corporatio;2254 25Th Place N.E.;;20001;Washington DC;US
Andrew S. Butler;1427 Holbrook Street, Ne, #1;;20001;Washington DC;US
Andrew Shields;339 Virginia Ave Se;;20001;Washington DC;US
Andromeda Transcultural;162-164 Grafton Road;Level 2;;Auckland  ;NZ
Angela Kalargyos;10834 Eastwood Ave;;20901;Silver Spring MD;US
Apple Computer Inc;1 Infinite Loop;;95014;Cupertino CA;US
Apple Computer Inc;1 Infinite Loop;;95014;Cupertino CA;US
Appletree Early Learning Pcs;415 Michigan Avenue, Ne 3Rd Floor;;20001;Washington DC;US
Arent Fox Kintner Plotkin;1050 Connecticut Avenue, Nw;;20001;Washington DC;US
Aruze;1-6-20 Dojima;; 530-0003;Kita-Ku;JP
Aspial Corporation;Suntec Tower Three;8 Temasek;38988;Singapore;SG
Atlas Copco;Berguvsvägen  8;;S-958 22;Luleå;SE
Aventas Group;25 Maiden Lane;Floor No. 4;2;Dublin;IR
Banner Staffing Llc;1025 Connecticut Avenue Nw Suite 211;;20001;Washington DC;US
Barbara Chambers Children Ctr;1470 Irving St., Nw;;20001;Washington DC;US
Barney Neighborhood House;5656 A Third Street Ne;;20001;Washington DC;US
Bedd Group Llc;1744 Taylor Street Nw;;20001;Washington DC;US
Bell Techlogix;8888 Keystone Crossing Suite 1700;;46201;Indianapolis IN;US
Bellevue University;1000 Galvin Road South;;68005;Bellevue NE;US
Bernard W Moffett;1430 Independence Ave Se;;20001;Washington DC;US
Booker T Washington Pcs;1346 Florida Ave., N.W.;;20001;Washington DC;US
Brentworks, Inc.;1776 Eye Street Nw 9Th Floor;;20001;Washington DC;US
Burman Properties Inc;4435 Wisconsin Ave Nw Floor 1;;20001;Washington DC;US
Business Strategy Consultants;9701 Apollo Drive Suite 445;;20774;Largo MD;US
C&E Services, Inc. Of Washington;1224 W Street Se;;20001;Washington DC;US
C&O;7477 Old Alexandria Ferry Road;;20735;Clinton MD;US
C2C Systems Inc;1 Federal Street Enterprise Center;;1040;Springfield MA;US
Cadd Microsystems, Inc.;6359 Walker Lane, Suite 110;;22301;Alexandria VA;US
Calvary Women'S Services;110 Maryland Avenue Ne #103;;20001;Washington DC;US
Cambro Manufacturing;5801 Skylab Road;;92646;Huntington Beach CA;US
Campbell & Company Comm.;2401 Mt. Vernon Avenue Suite B;;22301;Alexandria VA;US
Canon Usa Inc;2110 Washington Boulevard;;22201;Arlington VA;US
Capital City Pcs;3047 15Th Street Nw;;20001;Washington DC;US
Capital Services And Supplies;2804 Douglas Street Ne;;20001;Washington DC;US
Capitol College;11301 Springfield Road;;20707;Laurel MD;US
Capitol Process Services, Inc.;1827 18Th St. Nw;;20001;Washington DC;US
Carahsoft Technology Corporation;12369 Sunrise Valley Drive Suite D-2;;20190;Reston VA;US
Carolyn Abbott;10261 Quiet Pond Terrace;;20115;Burke VA;US
Catholic University Of America;620 Michigan Avenue, Ne;;20001;Washington DC;US
CBA;1003 K Street, N.W. Suite 700;;20001;Washington DC;US
Cengage Learning;5191 Natorp Blvd;;45040;Mason OH;US
Center City Pcs;7 New York Ave Suite 300;;20001;Washington DC;US
Center City Pcs;7 New York Ave Suite 300;;20001;Washington DC;US
Central Parking System Va.;1225 Eye Street,Nw. Suite C-100;;20001;Washington DC;US
Centronia, Inc.;1420 Columbia Road Nw Muticultural Learning Center;;20001;Washington DC;US
Cesar Chavez Pcs;709 12Th Street Se;;20001;Washington DC;US
Ch2M Hill, D.C., P.C.;101 Lambton Quay;Level 11;;Wellington;NZ
Chajana Denharder;3800 14Th St., Nw,;;20001;Washington DC;US
Charles Ryan Associates, Llc;300 Summers Street Suite 1100;;25301;Charleston WV;US
Childrens National Medical Ctr;111 Michigan Ave Nw;;20001;Washington DC;US
Cimatron;3 Hagalim Blv.;;47625;Herzlia;IL
City Dance Ensemble Inc;1111 16Th Street Nw, Suite 300;;20001;Washington DC;US
City Security Consultants, Inc;2010 Kendall Street, Ne;;20001;Washington DC;US
Clean Venture Incorporated;2031 Inverness Avenue;;21128;Baltimore MD;US
Cmts Dc Llc;1101 15Th Street Nw, Ste 206;;20001;Washington DC;US
Coalition For Juvenile Justice;1710 Rhode Island Ave Nw;;20001;Washington DC;US
Cofina;Estrada Da Saúde N. 58;;1756;Lisboa;PT
Columbia Lighthouse For Blind;1825 K Street, Nw Suite 1103;;20001;Washington DC;US
Community Academy Pcs;1351 Nicholson Street Nw;;20001;Washington DC;US
Community Connections;801 Pennsylvania Ave., Se Suite 201;;20001;Washington DC;US
Computer Intelligence Assoc.;8840 Stanford Blvd Suite 1500;;21044;Columbia MD;US
Computerdata Solutions, Llc;913 U Street, Nw;;20001;Washington DC;US
Corp./Wash. Latin School;4715 16Th Street, N.W.;;20001;Washington DC;US
Corp.For Supportive Housing;50 Broadway, 17Th Floor;;10001;New York NY;US
Corrections Corporation Of;10 Burton Hills Blvd America;;37013;Nashville TN;US
Correos;Gran Vía, 1;;28001;Madrid;ES
Craftmaster Hardware Co.;190 Veterans Drive;;7647;Northvale NJ;US
Creative Options & Employment;1441 Mccormick Drive Suite #1020;;20772;Upper Marlboro MD;US
Criswell Cheverolet, Inc.;503 Quince Orchard Road;;20877;Gaithersburg MD;US
Crow Canyon Systems Inc.;565 Lori Drive #71 #71;;94510;Benicia CA;US
CS&D;Garden House;Crowther Way 23;PO31 7PJ;Cowes;GB
Curaxys;Rambla De Cataluña, 23;;8022;Barcelona;ES
D C  Van Lines Moving;4611 Tanglewood Drive;;20781;Hyattsville MD;US
D.H. Lloyd & Assoc. Inc.;1625 K. Street, Nw Suite #400;;20001;Washington DC;US
Danske Bank;Vinbæltet 34;;1734;Kobenhavn;DK
Data Net Systems Corp;1201 - 15Th Street Nw Suite 210;;20001;Washington DC;US
Dc Arts & Humanities Education;1835 14Th Street, Nw;;20001;Washington DC;US
Dc Bilingual Pcs;1420 Columbia Road Nw;;20001;Washington DC;US
Dc Children Youth Investment;1400 16Th Street Nw Suite 500;;20001;Washington DC;US
Dc Choices, Llc;4701 N. Keystone Ave,Suite 150;;46201;Indianapolis IN;US
Dc Line, Inc.;2250 South Dakota Ave, Ne;;20001;Washington DC;US
Dc Scores;1224 M Street Nw, #200;;20001;Washington DC;US
De Lage Landen Fin. Services;43 Rue St. Laurent;;H1J 1C3;Montréal;CA
Deaf Reach;3521 12Th Street Ne;;20001;Washington DC;US
Diane Bradley;1629 K Street, Nw - 300;;20001;Washington DC;US
Different Roads To Learning;37 East 18Th St 10Th Fl;;10001;New York NY;US
Digi Docs Inc Document Mgers;510 Florida Ave Nw;;20001;Washington DC;US
Digital Gap Solutions Inc.;10 G Street Ne, Suite 710;;20001;Washington DC;US
District Of Columbia Agencies;4200 Connecticut Avenue, Nw Cashiers Office Bldg. 39 # 201;;20001;Washington DC;US
District Of Columbia Care Center;4043 Clay Pl., Ne;;20001;Washington DC;US
District Supply Inc.;7702 Georgia Avenue, Nw Suite 200;;20001;Washington DC;US
Diversified Educational System;205 East Washington Street;;20117;Middleburg VA;US
Document Systems Inc;333 Hawaii Avenue, Ne Suite 200;;20001;Washington DC;US
Donald B. Rice Tire Co.;909 Northeast Street;;21701;Frederick MD;US
Dustin Construction, Inc.;2510 Urbana Pike, Suite 201;;21754;Ijamsville MD;US
Dutchmill Caterers;Bank Of China Tower;1 Garden Road;;Central Hong Kong;CN
Dynamix Corporation;9111 Edmonston Road, Suite 100 Suite 100;;20770;Greenbelt MD;US
E&G Dc Co-Op Owner, Llc;1350 Beverly Road Suite 200;;22101;Mclean VA;US
Eagle Management Llc;213 Kennedy Street, Nw;;20001;Washington DC;US
East Coast Ems Associates;1612 A Street, S.E.;;20001;Washington DC;US
East River Family Stregthening;3917 Minnesota Ave, Ne;;20001;Washington DC;US
Educators For Social Respon.;23 Garden Street;;2138;Cambridge MA;US
Edward L. Jackson;12, Berkeley Gardens Blvd;;WX1 6LT;Liverpool;GB
Efforts;4601 Sheriff Road, Ne;;20001;Washington DC;US
Election Systems & Software In;11208 John Galt Blvd.;;68022;Omaha NE;US
Elsie Whitlow Stokes Pcs;199 Great North Road;;;Auckland;NZ
Emsl Analytical, Inc.;107 Haddon Avenue;;8108;Westmont NJ;US
Ethiopian Community Center Inc;7603 Georgia Avenue Nw Suite 100;;20001;Washington DC;US
Euphemia L. Haynes Pcs;3600 Georgia Avenue, Nw;;20001;Washington DC;US
Excel Tree Expert Co.Inc.;7549 Montevideo Road;;20794;Jessup MD;US
F&L Construction Inc.;1512 Good Hope Rd Se;;20001;Washington DC;US
Facilities Technology Group;1110 East 32Nd Street Bldg 2;;78701;Austin TX;US
Fairness Environmental Service;3109 Martin Luther King Jr. Av;;20001;Washington DC;US
Faith Management Consulting;3417 Minnesota Ave, Se;;20001;Washington DC;US
Federal City Recovery Svcs;920 Bellevue St Se Po Box 77281;;20001;Washington DC;US
Flik International;800 Florida Avenue Ne;;20001;Washington DC;US
Florida Drug Screening Inc.;2191 Julian Ave. #2;;32905;Palm Bay FL;US
Follett Educational Services;1433 Internationale Parkway;;60517;Woodridge IL;US
Formost Advanced Creations;1730 17Th Street Ne;;20001;Washington DC;US
Fort Myer Construction Corpora;2237 - 33Rd Street, N.E.;;20001;Washington DC;US
Fortum;Torikatu 38;;90110;Oulu;FI
Fox Systems, Inc.;6263 N. Scottsdale Road Suite 200;;85022;Scottsdale AZ;US
Freeway Construction Llc;1325 18Th Street, Nw Suite 103;;20001;Washington DC;US
Friendship Pcs;120 Q Street, Ne;;20001;Washington DC;US
Gala Hispanic Theater;2437 15Th Street., Nw;;20001;Washington DC;US
Gallaudet University;800 Florida Avenue, N.E.;;20001;Washington DC;US
Gap Solutions Inc;11425 Isaac Newton Sq. South Suite 200;;20190;Reston VA;US
Gcs/Sigal, Llc;3020 Yost Place Ne;;20001;Washington DC;US
General Merchandise Supplies;2221 Adams Place, N.E.;;20001;Washington DC;US
General Services, Inc.;3613 Georgia Avenue, Nw;;20001;Washington DC;US
Gmv;C/ Araquil, 67;;28023;Madrid;ES
Good Technologies,Inc.;4250 Burton Drive;;95050;Santa Clara CA;US
Groom Law Group, Chartered;1701 Pennsylvania Ave, N.W. Suite 1200;;20001;Washington DC;US
Hackett & Family Catering;129 Varnum Street N W;;20001;Washington DC;US
Hancock Software Inc;28 Gilleonard Lane;;1701;Framingham MA;US
Hart Intercivic, Inc.;15500 Wells Port Drive;;78701;Austin TX;US
Harvey W Hottel Inc;18900 Woodfield Road;;20877;Gaithersburg MD;US
Harvey W Hottel Inc;18900 Woodfield Road;;20877;Gaithersburg MD;US
Hawk Contractors;1015 Steven Reid Drive;;20639;Huntingtown MD;US
Hdr Engineering Inc.;8404 Indian Hills Drive;;68022;Omaha NE;US
Henkels And Mccoy Training Services;450 David Drive;;19462;Plymouth Meeting PA;US
Henry Schein, Inc.;135 Duryea Road, Mail Rt.E-255;;11747;Melville NY;US
Hercules Fence Md.;8580 Mission Road;;20794;Jessup MD;US
Hess Construction Co. Inc.;804 West Diamond Avenue Suite 300;;20877;Gaithersburg MD;US
Higher School Publishing Co.;3125 Catrina Lane;;21401;Annapolis MD;US
Hill International Inc.;1225 Eye Street N.W.;;20001;Washington DC;US
Hillcrest Children'S Center;1408 U Street, Nw Ste A;;20001;Washington DC;US
Himmel & Wilson Library Consul;417 East High Street;;53563;Milton WI;US
Hireright, Inc.;5151 California Avenue;;92602;Irvine CA;US
Historic Dupont Circle Mainstr;9 Dupont Circle Nw;;20001;Washington DC;US
History Matters Llc;1502 21St Street Nw;;20001;Washington DC;US
Hi-Tech Solution, Inc.;1300 Pennsylania Ave, Nw Suite 700;;20001;Washington DC;US
Holder Enterprises, Inc.;1949 Vermont Street Nw;;20001;Washington DC;US
Hotel Washington;515 15Th Street Nw;;20001;Washington DC;US
Houghton Mifflin Co Inc;222 Berkeley Street;;2108;Boston MA;US
Howard University Hospital;2041 Georgia Avenue, Nw Suite 2078;;20001;Washington DC;US
Howard University The Learning Academy;2400 6Th Street, Nw Suite 115;;20001;Washington DC;US
Ici Systems;1150 17Th Street Nw Suite 100;;20001;Washington DC;US
Ime Services;1201 Pennsylvania Avenue Nw Suite 300;;20001;Washington DC;US
Infinity Radio Dba/Wlzl Radio;4200 Parliament Place, #300 # 300;;20706;Lanham MD;US
Integrated Design Electronics;1027 45Th Street Ne;;20001;Washington DC;US
Intergraph Corporation;170 Graphics Drive;;35756;Madison AL;US
Jennifer Munson;12305 Sour Cherry Way;;20878;North Potomac MD;US
Jhp, Inc;1526 Pennsylvania Ave., Se;;20001;Washington DC;US
Jtf Business Systems;5568 General Washington Drive A 203;;22301;Alexandria VA;US
Kadcon Corporation;1053 31St Street, Nw;;20001;Washington DC;US
Kamit Institute-Magni Achi,Pcs;100 Peabody Street Nw First Floor;;20001;Washington DC;US
Kappa Youth Development, Inc.;1250 Connecticut Avenue, Nw Suite 200;;20001;Washington DC;US
Kathleen Patrick;124 East Raymond Ave;;22301;Alexandria VA;US
Keanya Carr;1900 Oak St.;;V3F 2K1;Vancouver;CA
Keystone Plus Construction Cor;1600 K Street, N.W. Suite 350;;20001;Washington DC;US
Kipp Dc/Key Academy Pcs;1003 K Street, N.W. Suite 700;;20001;Washington DC;US
Knight Facilities Mgmt, Inc.;5360 Hampton Place;;48601;Saginaw MI;US
Kohler Equipment, Inc.;7021 Annapolis Road;;20784;Landover Hills MD;US
Language,Etc...;2200 California St Nw;;20001;Washington DC;US
Laser Art Inc;2209 Channing Street Ne Po Box 41083;;20001;Washington DC;US
Lawmen Suupply Company, Inc.;35 King George;;WX3 6FW;London;GB
Leftwich & Ludaway;1400 K Street Nw Suite 1000;;20001;Washington DC;US
Liberty Healthcare Corp.;401 E City Avenue #820;;19004;Bala Cynwyd PA;US
Liebert Global Services;610 Executive Campus Drive;;43081;Westerville OH;US
Life Enhancement Svcs, Llc;1328 Southern Avenue, Se Suite 301;;20001;Washington DC;US
Life Skills Center;6200 2Nd St Nw, 3Rd Fl;;20001;Washington DC;US
Longobardi & Associates Dc Llc;1401 14Th Street, Nw Suite 300;;20001;Washington DC;US
Lt Joseph P Kennedy Institute;801 Buchanan Street, Ne;;20001;Washington DC;US
Lucas Holdings, Llc;4900 N Santa Fe Ave;;73107;Okc OK;US
M1 Limited;Bronz Sok.;Bronz Apt. 3/6 Tesvikiye;79903;Singapore;SG
Malcolm L. Wiseman, Jr.;1228 Crittenden Street, Nw;;20001;Washington DC;US
Mamie Preston;3642 13Th Street Nw;;20001;Washington DC;US
Mapfre;C/ Moralzarzal, 86;;28034;Madrid;ES
Marc A. Rigrodsky;171 Edwards St;;4101;Portland ME;US
Marc Parc Parking;1233 20Th Street Nw Ste 104;;20001;Washington DC;US
Marcus Gore;2541 34Th Street., S.E.;;20001;Washington DC;US
Margaret P. Cox;907 6Th Street, Sw #901C;;20001;Washington DC;US
Margarita Calderon & Assoc.Inc;101 West End Avenue Apt. 23A;;10001;New York NY;US
Margie Monroe Dba/3-L Bus;112 56Th Place Se;;20001;Washington DC;US
Margni, Inc.;603 Gallatin Street, Nw;;20001;Washington DC;US
Maria Graciela Steiger;9516 Reach Road;;20854;Potomac MD;US
Mariann E. Schick;2401 Pennsylvania Ave., #8331;;16106;Philadelphia PA;US
Marianne Schuelein;3208 44Th Street, Nw;;20001;Washington DC;US
Marie B Waiters;15780 Mountain Place;;20613;Brandywine MD;US
Marie E. Perkins;10224 Prince Place Unit T4;;20774;Largo MD;US
Marilyn Friend, Inc.;26 Rosebay Lane;;27401;Greensboro NC;US
Marlow Sports, Inc.;7613 Penn Belt Drive;;20747;Forestville MD;US
Maryland Office Interiors;2923 Lord Baltimore Drive;;21128;Baltimore MD;US
Mary'S Ctr Maternal Child Care;2333 Ontario Rd Nw;;20001;Washington DC;US
Matthews Mem. Baptist Church;2616 Martin L. King Jr Ave Se;;20001;Washington DC;US
Mbia;7335 North Palm Bluffs Drive;;93701;Fresno CA;US
Mclean Bus Company;7905 Marlboro Pike;;20747;Forestville MD;US
Medical Supply Systems Inc;3182 Bladensburg Rd. Ne.;;20001;Washington DC;US
Medstar Health, Inc;5565 Sterrett Place, 5Th Floor;;21044;Columbia MD;US
Mee Productions;340 N 12Th Street 5Th Floor;;16106;Philadelphia PA;US
Meeder Consulting Group, Llc;6713 Groveleigh Drive;;21044;Columbia MD;US
Meketa Investment Group;100 Lowder Brook Drive Suite 1100;;2090;Westwood MA;US
Melanie Byrd Chisholm;1829 Bruce Place, Se;;20001;Washington DC;US
Mellmo Inc.;2002 Jimmy Durante Blvd., #124;;92014;Del Mar CA;US
Mentis Technology Solutions;2231 South Poplar St;;80123;Denver CO;US
Mentors, Inc.;1012 14Th Street, Nw Suite 304;;20001;Washington DC;US
Mercer Human Resource Consulti;462 South Fourth Street Suite 1100;;40202;Louisville KY;US
Mercia D. Bowser;1827 Good Hope Road Se Suite A-4;;20001;Washington DC;US
Mergent Inc;5250 77 Center Drive Ste 150;;28202;Charlotte NC;US
Mergent Inc;5250 77 Center Drive Ste 150;;28202;Charlotte NC;US
Meridian Imaging Solutions;5775 General Washington Drive;;22301;Alexandria VA;US
Meridian Public Charter School;1328 Florida Avenue, Nw;;20001;Washington DC;US
Merry C. Hudson;1216 Edgevale Road;;20901;Silver Spring MD;US
Metropolitan Office Products;910 Barnaby St Se # 201;;20001;Washington DC;US
Mi Casa, Inc.;6230 3Rd Street Nw, Suite 2;;20001;Washington DC;US
Michael Robert Kronen;15420 Good Hope Road;;20901;Silver Spring MD;US
Middleton &  Meads Company, In;1900 S Hanover Street;;21128;Baltimore MD;US
Midtown Personnel Inc;900 7Th Street, Nw Suite 725;;20001;Washington DC;US
Midwest Bank Note Co.;50 Pearl Street;;14086;Lancaster NY;US
Millennium Pool And Spa, Llc;8927 Lake Braddock Dr;;20115;Burke VA;US
Mindleaders, Inc.;5500 Glendon Court, Suite 200;;43016;Dublin OH;US
Montepio Geral;Jardim Das Rosas N. 32;;1675;Lisboa;PT
Morgans Inc;900 Rhode Island Avenue Ne;;20001;Washington DC;US
Mtw Distributors Inc;1235 Kenilworth Ave Ne Suite#8;;20001;Washington DC;US
Mtw Distributors Inc;1235 Kenilworth Ave Ne Suite#8;;20001;Washington DC;US
Mvs, Inc.;1401 14Th Street Nw Ste# 200;;20001;Washington DC;US
Nastos Contruction Inc;1421 Kenilworth Ave Ne;;20001;Washington DC;US
Nat Assoc Of State Alcohol & D;808 17Th Street Nw Suite 410;;20001;Washington DC;US
Natacha Kiler;621 Orleans Place Ne;;20001;Washington DC;US
Natalie Tolstoi;5225 Pooks Hill Rd # 1517 South;;20814;Bethesda MD;US
National 4-H Council;7100 Connecticut Avenue;;20815;Chevy Chase MD;US
National Capital Poison Center;3201 New Mexico Ave Suite 310;;20001;Washington DC;US
National Housing Corporation;820 H Street N.E.;;20001;Washington DC;US
Nelva Hernandez;3114 Collard Street;;22301;Alexandria VA;US
Networking For Future, Inc.;1023 15Th St Nw Suite 500;;20001;Washington DC;US
Ngen Llc;1101 Merchantile Lane Suite 100;;20774;Largo MD;US
Nia Community Pcs;Fauntleroy Circus;;EC2 5NT;Manchester;GB
Norix Group Inc;1000 Atlantic Drive;;60185;West Chicago IL;US
Norsk Hydro;Brehmen St. 121;PR 334 Sentrum;N 5804;Bergen;NO
North Capitol Partners,Inc;1935 U Place Se;;20001;Washington DC;US
Novo Nordisk;Smagsloget 45;;8200;Århus;DK
Obverse Corporation, Inc.;Geislweg 14;;5020;Salzburg;AT
On Target Challenge;15312 Spencerville Court Suite 100;;20866;Burtonsville MD;US
Opportunities Industrial Center;3707 Mlk Avenue Se;;20001;Washington DC;US
Oriental Trading Company Inc.;4206 South 108Th Street;;68022;Omaha NE;US
Orion Systems Group, Llc;3900 Jermantown Road Suite 480;;22030;Fairfax VA;US
Orrick Herrington Sutcliffe Lp;666 Fifth Avenue;;10001;New York NY;US
Osim International;106 Linden Road Sandown;2nd Floor;69045;Singapore;SG
Ost, Inc.;1155 15Th Street Nw Suite 600;;20001;Washington DC;US
Overdrive Inc;8555 Sweet Valley Drive Unit N;;44102;Cleveland OH;US
Oxford University Press, Inc;198 Madison Avenue;;10001;New York NY;US
P & D Inc. (Skyland Liquors);2126 Minnesota Avenue Se;;20001;Washington DC;US
P Flanigan And Sons Inc;2444 Lock Raven Road;;21128;Baltimore MD;US
P.C.S. For Student Suppo.Srvs.;1003 K. St. Nw. Suite 405;;20001;Washington DC;US
Padula Construction Co Inc;1445 Pennsylvania Avenue S.E.;;20001;Washington DC;US
Paralegal Inst Of Wash Dc;5101 Winconsin Ave. Nw Business Office;;20001;Washington DC;US
Paramedical Personnel Of Md.;343 Granery Road, Ste. D;;21050;Forest Hill MD;US
Park Southern Neighborhood Cp;800 Southern Avenue Se;;20001;Washington DC;US
Parkside Senior, Lp;730 15Th Street Nw 8Th Floor;;20001;Washington DC;US
Parsons Brinckerhoff;1401 K. Street, Nw. Suite 701;;20001;Washington DC;US
Pathways To Housing Dc, Inc.;101 Q Street Ne Suite G;;20001;Washington DC;US
Patricia Fripp;527 Hugo Street;;94102;San Francisco CA;US
Patrick W Keohane;714 Meramac Lane;;65714;Nixa MO;US
Paul Junior High Pcs;5800 8Th Street Nw;;20001;Washington DC;US
Pembroke West Associates Inc;4435 Wisconsin Ave Nw Suite 210;;20001;Washington DC;US
Pepco Energy Services, Inc;701 Ninth Street, Nw Customer Service;;20001;Washington DC;US
Pepco Inc;1615 Robertson Road;;65270;Moberly MO;US
Pergravis;10012 N. Dale Mabry Hwy Suite 109;;33602;Tampa FL;US
Perry School Community Services Center, Inc.;128 M. Street, Nw Suite 100;;20001;Washington DC;US
Platinum One, Inc.;12138 Central Avenue Suite 939;;20716;Mitchellville MD;US
Post Master;1200 Pennsylvania Ave. Nw;;20001;Washington DC;US
Potomac Creek Assoc Lp;955 L'Enfant Plaza Sw North Building, Suite 1208;;20001;Washington DC;US
Powell Manufacturing Industries;258 35Th Street Ne;;20001;Washington DC;US
Powellhouse Project, Inc.;2634 12Th Street Ne;;20001;Washington DC;US
Precyse Solutions, Inc;1275 Drummers Lane, Ste 200;;19087;Wayne PA;US
Premier Office & Medical Suppl;1020 49Th Street Ne;;20001;Washington DC;US
Prince Construction Company;1111 Good Hope Rd Se;;20001;Washington DC;US
Principal Decision System Int;50 Corporate Park;;92602;Irvine CA;US
Print Mail Communications Inc;7201 Lockport Place;;22079;Lorton VA;US
Proforma Docucom Services Llc;46 Lanoche Court;;14221;Williamsville NY;US
Pro-Typists Inc;3235 P Street, N.W.;;20001;Washington DC;US
Psi Services, Inc;7101 Wisconsin Ave Suite 1400;;20814;Bethesda MD;US
Pulse Advertising;1821 Florida Ave Nw;;20001;Washington DC;US
Pyramid Educational Cons.Inc.;13 Garfield Way;;19702;Newark DE;US
Qas, Ltd.;125 Summer Street Suite 1910;;2108;Boston MA;US
Q-Matic Corporation;95 Underwood Road;;28732;Fletcher NC;US
Quantitative Micro Software;4521 Campus Drive Number 336;;92602;Irvine CA;US
R.S.C.R. - Wv Inc.;1 Dunbar Plaza, Ste 100 P.O. Box 484;;25064;Dunbar WV;US
Raytheon Company;362 Lowell Street;;1810;Andover MA;US
Red Jenkins Ltd;5404 Southport Lane;;22030;Fairfax VA;US
Reel-Scout;31 Duncan St. West End;;4101;South Brisbane;AU
Restl Designers Inc;702 Russell Avenue Suite 400;;20877;Gaithersburg MD;US
Ricoh;2-2-8 Roppongi;;106-0032;Minato-Ku;JP
Ridge Roofing Llc;7 Allen Street;;3150;Glen Waverly;AU
Ridge Roofing Llc;710 Mississippi Avenue S.E.;;20001;Washington DC;US
Ross Professional Services;Rte Des Arsenaux 41 ;;1700;Fribourg;CH
Roy Juarez, Jr;11439 Remsen Street;;78201;San Antonio TX;US
Rr Donnelly;111 South Wacker Drive;;60602;Chicago IL;US
Rsc Electrical & Mechanical Co;6035 Dix Street Ne;;20001;Washington DC;US
Saic, Inc.;1710 Saic Drive Mail Stop 365;;22101;Mclean VA;US
Sampo Group;Keskuskatu 45;;21240;Helsinki;FI
Sanlam;1250 Pretorius Street;;28;Hatfield;ZA
Sanz School Inc;1720 Eye Street Nw Lower Level;;20001;Washington DC;US
Sap Public Services, Inc;1300 Pennsylvania Ave, Ste 600 Ronald Reagan Bldg/Intl Trade;;20001;Washington DC;US
Sasha Bruce Youthwork;741 8Th Street, Se;;20001;Washington DC;US
Scantron Corporation;2020 South 158Th Circle;;68022;Omaha NE;US
Scantron Corporation;2020 South 158Th Circle;;68022;Omaha NE;US
Schneider Electric Buildings;23 Tsawassen Blvd.;;T2F 8M4;Tsawassen;CA
School Improvement Network;8686 South 1300 East;;84070;Sandy UT;US
Scott Buchanan Dba 12 Rounds &;8741 Ashwood Drive;;20743;Capitol Heights MD;US
Scotti And Gerl;216 South Jefferson Street;;24901;Lewisburg WV;US
Second Genesis, Inc.;8611 Second Avenue, Suite #300;;20901;Silver Spring MD;US
Sedc Charter School Inc.;3100 Martin Luther King Av, Se;;20001;Washington DC;US
Selectron Technologies, Inc;7405 Sw Tech Center Dr. Ste 140;;97201;Portland OR;US
Shaw Main Street;1426 9Th Street, Nw;;20001;Washington DC;US
Shred-It Usa, Inc.;850 East Gude Drive Suite H;;20850;Rockville MD;US
Silver Spring Fire Protection,;7389 Washington Blvd. Suite 105;;21075;Elkridge MD;US
Skf;Åkergatan 24;;S-844 67;Bräcke;SE
Sm Department Store;15 Mccallum Street;NatWest Center #13-03;1227 MM;Makati City;PH
Soft Choice Corporation;314 W Superior Street Suite 301;;60602;Chicago IL;US
Softech, Inc;7184 Collingwood Court;;21075;Elkridge MD;US
Spectrum Management, Llc;120 Hanover Sq.;;WA1 1DP;London;GB
Sports4Kids;517 4Th Street;;93601;Oakland CA;US
Strayer University;1133 15Th Street, N.W.;;20001;Washington DC;US
Study Island;3400 Carlisle St Ste 345;;75028;Dallas TX;US
Supretech, Inc.;7600 Georgia Avenue, Nw #Ll;;20001;Washington DC;US
Tac Transport Llc;80 R Street, Sw;;20001;Washington DC;US
Talent Education Arts And Ment;409 Rittenhouse St Nw;;20001;Washington DC;US
Tamah., Llc;1701 Independence Ave Se;;20001;Washington DC;US
The Family Place, Inc;3309 16Th Street., Nw;;20001;Washington DC;US
The Gale Group;27500 Drake Road;;48331;Farmington Hills MI;US
The Hamilton Group;4406 Gault Place Ne;;20001;Washington DC;US
The Malloy Group, Llc.;4216 Evergreen Lane Suite 133;;22003;Annandale VA;US
The Presidio Corporation;7601 Ora Glen Drive Suite 100;;20770;Greenbelt MD;US
The University Of Md;3112 Lee Building Off. Of Res. Admin And Advance;;20740;College Park MD;US
The Workmen'S Clinic;2029 K Street, Nw, # 301;;20001;Washington DC;US
Thewashington Times Llc;3600 Ny Ave Ne;;20001;Washington DC;US
Titus Llc;Arenales 1938 3'A';;;Auckland  ;NZ
Tl Garden & Assoc/Life Saftey;7170 Gary Rd;;20109;Manassas VA;US
Toter Incorporated;841 Meacham Road;;28625;Statesville NC;US
Tournmentone Corp;1200 High Ridge Road;;6092;Stamford CT;US
Tsi Group, Llc;1230 23Rd Street Nw, Suite 601;;20001;Washington DC;US
Turner Construction Company;3865 Wilson Blvd. Suite 300;;22201;Arlington VA;US
Two Rivers Pcs;1227 4Th Street, Ne;;20001;Washington DC;US
Ubi Banca;Via Monte Bianco 34;;10100;Torino;IT
Unipol;Via Ludovico Il Moro 22;;24100;Bergamo;IT
United Chemical Technologies;2731 Bartram Road;;19007;Bristol PA;US
United General Contractor;606 B Rhode Island Avenue, Ne;;20001;Washington DC;US
United Medical Center Foundati;1310 Southern Avenue, S.E.;;20001;Washington DC;US
Upm-Kymmene;Software Engineering Center;SEC Oy;FIN-02271;Espoo;FI
Vested Optimum Community Ser.;8775 M Centre Park Dr. No. 515;;21044;Columbia MD;US
Vidal;C/ Romero, 33;;41101;Sevilla;ES
Viscom Interpreting, Inc;2417 South 26Th Road;;22201;Arlington VA;US
Voxeo Corporation;189 S. Orange Ave. #2050;;32801;Orlando FL;US
Vtb;2 Pobedy Square;;196143;Saint Petersburg;RU
W W Grainger Inc;100 Grainger Parkway;;60045;Lake Forest IL;US
Wash Metro Area Transit Auth;600 5Th Street Nw;;20001;Washington DC;US
Wash. Area Lawyers F/T Arts;901 New York Ave Nw, #P-1;;20001;Washington DC;US
Washington Hospital Center;2000 15Th St N. Suite 600;;22201;Arlington VA;US
Washington Literacy Council;1918 18Th Street Nw Suite B2;;20001;Washington DC;US
Westlink Career Institute, Llc;1325 G Street, Nw Suite 500;;20001;Washington DC;US
Wider Opportunity For Women;1001 Connecticut Ave Nw Suite 930;;20001;Washington DC;US
Wilson Energy Economics;4800 Hampden Lane - Suite 200;;20814;Bethesda MD;US
Wvsa School For Arts;1100 16Th St Nw;;20001;Washington DC;US
Xerox Corporation;100 S. Clinton Avenue Xrx2-40A;;14604;Rochester NY;US
Xerox Corporation;100 S. Clinton Avenue Xrx2-40A;;14604;Rochester NY;US
Young Playwrights Theatre;2437 15Th St Nw;;20001;Washington DC;US
Yug, Inc.;111 South Wacker Drive;;60602;Chicago IL;US
Zamano;8 Johnstown Road;;;Cork;IE
