Customer-ID	Last Name	First Name	Address 1	Address 2	No	ZIP	City	E-Mail
470013	Luft	Elisabeth	 	Hohe Luft	18	94255	Gstaudach, Kreis Viechtach	Elisabeth.Luft@example.in
470014	Mueller	Ariane	 	Gebrüder-Himmelheber-Straße	17	26969	Mürrwarden	Ariane.Mueller@example.de
470015	Zabel	Egomar	 	Am Dorfgraben	9	22889	Ehlersberg, Kreis Stormarn	Egomar.Zabel@example.de
470016	Krohn	Fidelius	 	Auf der Goldbreite	22	6774	Krina	Fidelius.Krohn@example.de
470017	Rosenberg	Anke	 	Auf dem Oligswerth	190	25557	Beldorf	Anke.Rosenberg@example.de
470018	Nießen	Degenhardt	 	Hans-Georg-Weiss-Straße	176	31199	Diekholzen	Degenhardt.Nießen@example.de
470019	Beyer	Erhardt	 	Altlindenau	1	95346	Höfles	Erhardt.Beyer@example.in
470020	Scheibel	Markus	 	Bartlinge	24	30179	List	Markus.Scheibel@example.de
470021	Freudenberg	Nathalie	 	Holsterfeld	17	84405	Urtlfing	Nathalie.Freudenber@example.net
470022	Seidl	Harry	 	Am Elbsee	17	51067	Holweide	Harry.Seidl@example.de
470023	Hirschmann	Eginhardt	 	Bollmannshorster Straße	15	73663	Rettersburg	Eginhardt.Hirschmann@example.de
470024	Heß	Michael	 	Feyerleinstraße	160	31840	Rumbeck, Kreis Grafschaft Schaumburg	Michael.Heß@example.it
470025	Melzer	Klara	 	Flataustraße	1	65199	Dotzheim	Klara.Melzer@example.de
470026	Stüber	Sebastian	 	Hallerey	66	14641	Groß Behnitz	Sebastian.Stüber@example.it
470027	Reder	Carolin	 	Ludwig-Bickell-Treppe	10	95500	Vollhof, Kreis Bayreuth	Carolin.Reder@example.de
470028	Rehbein	Henni	 	Herzog-Georg-Straße	111	91245	Strahlenfels, Oberfranken	Henni.Rehbein@example.it
470029	Scheler	Martha	 	Falkenring	172	36304	Alsfeld	Martha.Scheler@example.de
470030	Reis	Karolin	 	Euphemiaweg	25	2727	Neugersdorf, Sachsen	Karolin.Reis@example.in
470031	Wittek	Stefan	 	Höfener Straße	204	91589	Hilsbach	Stefan.Wittek@example.de
470032	Roloff	Evelyn	 	Alter Wiesenweg	53	78662	Bösingen (Kreis Rottweil)	Evelyn.Roloff@example.de
470033	Hanisch	Imke	 	Im Tillgarten	132	35083	Warzenbach	Imke.Hanisch@example.de
470034	Schmieder	Antje	 	Leo-Fall-Weg	225	57537	Seifen bei Wissen, Sieg	Antje.Schmieder@example.de
470035	Gabler	Claus	 	Geneickener Straße	215	25850	Behrendorf bei Husum	Claus.Gabler@example.net
470036	Veit	Diana	 	Dückerstraße	50	84381	Schwaigeröd	Diana.Veit@example.de
470037	Greve	Anette	 	Anton-Holtz-Straße	16	78591	Durchhausen	Anette.Greve@example.de
470038	Dunker	Yannick	 	Am Hartweg	22	27755	Deichhorst	Yannick.Dunker@example.biz
470039	Heil	Agnes	 	Buttpedderweg	7	95473	Preußling	Agnes.Heil@example.org
470040	Leuschner	Maya	 	Heinrich-Pestalozzi-Straße	10	91074	Höfen	Maya.Leuschner@example.de
470041	Hanke	Dietolf	 	Dr.-Moeller-Straße	7	84172	Vatersdorf am Erlbach	Dietolf.Hanke@example.de
470042	Hennings	Beatrice	 	Goyenfeld	139	95180	Steinbühl, Oberfranken	Beatrice.Hennings@example.de
470043	Reif	Martina	 	Gaishornstraße	7	88367	Ölkofen	Martina.Reif@example.pl
470044	Clasen	Lennart	 	Elisabeth-Langgässer-Straße	15a	91086	Lenkershof	Lennart.Clasen@example.de
470045	Grosser	Ehrhard	 	Adersstraße	219	59075	Hamm (Westfalen)	Ehrhard.Grosser@example.de
470046	Küster	Folkhart	 	Lutteranger	95	86609	Nordheim, Kreis Donauwörth	Folkhart.Küster@example.biz
470047	Wolf	Christine	z. Hd. Erhard Bock	Grimnitzstraße	20	91459	Wilhelmsgreuth, Kreis Neustadt an der Aisch	Christine.Wolf@example.de
470048	Bopp	Eckert	 	Lönsstraße	18	84051	Oberahrain	Eckert.Bopp@example.de
470049	Engels	Irina	 	Dietmannsweiler	15	82547	Mandl bei Wolfratshausen	Irina.Engels@example.org
470050	Hausner	Susann	 	Im Natrop	9	85080	Gaimersheim	Susann.Hausner@example.org
470051	Brunner	Dittmar	 	Am Heineshof	214	53567	Krautscheid, Westerwald	Dittmar.Brunner@example.de
470052	Schroer	Linda	 	Am Sportzentrum	3	96476	Heldritt	Linda.Schroer@example.org
470053	Steinhoff	Kathleen	 	An der BAB 117	24	96242	Hassenberg	Kathleen.Steinhoff@example.de
470054	Wenzl	Erdwin	 	Auf dem Berlich	202	18146	Rostock	Erdwin.Wenzl@example.net
470055	Risse	Bianca	 	Bommerholzer Straße	12	57610	Bachenberg	Bianca.Risse@example.de
470056	Kolberg	Nicole	 	Heimigweg	7a	91639	Wolframs-Eschenbach	Nicole.Kolberg@example.name
470057	Drescher	Enrico	 	Linprunstraße	191	94572	Allhartsmais	Enrico.Drescher@example.de
470058	Krone	Yasemin	 	Bissingstraße	225	87647	Gemeinde Aitrang	Yasemin.Krone@example.de
470059	Grewe	Natalie	 	Herbrandstraße	2	99765	Heringen / Helme	Natalie.Grewe@example.de
470060	Häfner	Ralf	 	Giggenbachstraße	9	14641	Pausin	Ralf.Häfner@example.pl
470061	Jörg	Martina	 	Lammersfeld	11	94166	Prienbach, Niederbayern	Martina.Jörg@example.co
470062	Landmann	Oscar	 	Hoyersburger Straße	11	55278	Dalheim bei Mainz	Oscar.Landmann@example.de
470063	Kehl	Cindy	 	Am Lohpohl	1	24943	Tarup	Cindy.Kehl@example.de
470064	Kaminski	Auguste	 	Im Roland	18	27616	Stubben bei Bremerhaven	Auguste.Kaminski@example.net
470065	Wünsche	Mario	 	Euckenweg	10	91616	Erlbach ob der Tauber	Mario.Wünsche@example.org
470066	Krumm	Ben	 	Boyer Markt	67	16244	Altenhof bei Eberswalde	Ben.Krumm@example.de
470067	Nachtigall	Kathie	 	Bärenkampstraße	10	94496	Hinterhainberg	Kathie.Nachtigall@example.de
470068	Kaufmann	Lennart	 	Haberdell	7	44534	Nordlünen	Lennart.Kaufmann@example.de
470069	Meinhardt	Kirstin	 	Leyboldstraße	222	94356	Kößnach	Kirstin.Meinhardt@example.de
470070	Hänsel	Dörte	 	Ernst-Koch-Straße	184	91074	Burgstall	Dörte.Hänsel@example.de
470071	Naumann	Isabel	 	Leninring	16	93491	Friedersried	Isabel.Naumann@example.pl
470072	Andresen	Birthe	 	Aunham	26	89423	Peterswörth an der Donau	Birthe.Andresen@example.de
470073	Haarmann	Desiderius	 	In der Schlucht	23	31188	Holle	Desiderius.Haarmann@example.in
470074	Lüdemann	Margarethe	 	Flaspoete	220	95473	Neuhaidhof	Margarethe.Lüdemann@example.de
470075	Reger	Frank	 	Deutschkatharinenberg	9	84187	Weng, Kreis Landshut	Frank.Reger@example.it
470076	Jochum	Esther	 	Halifaxstraße	77	65558	Ruppenrod	Esther.Jochum@example.net
470077	Färber	Joanna	 	Kleines Wegfährels	19	25927	Nordosterdeich bei Niebüll	Joanna.Färber@example.de
470078	Hampel	Falko	 	Klosterweiher	25	61267	Westerfeld, Taunus	Falko.Hampel@example.de
470079	Heimann	Vera	z. Hd. Dominic Hinrichsen	Comesstraße	8	14776	Schmerzke	Vera.Heimann@example.de
470080	Himmel	Erik	 	Kelteriestraße	5a	72537	Mehrstetten	Erik.Himmel@example.info
470081	Schmieder	Niels	 	Anneröder Weg	1	74238	Gommersdorf	Niels.Schmieder@example.de
470082	Fix	Lilly	 	Lippertsmühle	2a	94107	Untergriesbach	Lilly.Fix@example.de
470083	Niermann	Edelfried	 	Im Schlosshof	153	75245	Nußbaum	Edelfried.Niermann@example.de
470084	Holzwarth	Ulrike	 	Am Waldplatz	30	91220	Enzenreuth, Mittelfranken	Ulrike.Holzwarth@example.it
470085	Gutmann	Ingo	 	Am Petermoor	28	83352	Thalham an der Alz	Ingo.Gutmann@example.org
470086	Deutschmann	Ralf	 	Am Eckerngarten	174	53127	Poppelsdorf	Ralf.Deutschman@example.it
470087	Kellner	Maya	 	Am Nebelsee	7	31061	Sack, Kreis Alfeld, Leine	Maya.Kellner@example.de
470088	Geist	Sonja	 	Heimbergweg	2	91522	Wengenstadt, Mittelfranken	Sonja.Geist@example.de
470089	Pauli	Yannik	 	Im Tiergarten	186	25355	Bevern, Holstein	Yannik.Pauli@example.de
470090	Brune	Mandy	p. Adr. Jonathan Mittermeier	Am Weidenbach	6	9437	Börnichen / Erzgebirge	Mandy.Brune@example.de
470091	Kübler	Eberhard	 	Apfelbaumweg	37	18276	Gülzow bei Güstrow	Eberhard.Kübler@example.name
470092	Westhoff	Ella	c/o Willy Behrmann	Im Bühlerfeld	10a	41199	Odenkirchen	Ella.Westhoff@example.biz
470093	Starke	Carmen	 	Hallplatz	8	93449	Perlhütte	Carmen.Starke@example.de
470094	Denk	Maren	 	Baackskamp	24	18569	Groß Kubitz	Maren.Denk@example.it
470095	Peschke	Eddi	 	Kummel	19	87448	Rohr, Kreis Kempten, Allgäu	Eddi.Peschke@example.info
470096	Mack	Egbert	 	Im Alten Kapitol	6	91161	Hofstetten, Mittelfranken	Egbert.Mack@example.de
470097	Brauner	Fritz	 	Kötterhagen	27	94342	Niederast	Fritz.Brauner@example.info
470098	Janson	Ingrid	 	Esling-Wung	9	94137	Kindlbach, Rott	Ingrid.Janson@example.name
470099	Bohne	Jessica	 	Hellgasse	131	91257	Willenberg	Jessica.Bohne@example.de
470100	Grünewald	Eginald	 	Hormer Weg	79	94424	Mariakirchen	Eginald.Grünewald@example.de
470101	Lau	Jeannette	 	Alter Knipprather Weg	37	92262	Hirschricht, Oberpfalz	Jeannette.Lau@example.de
470102	Fetzer	Gesa	 	Fahnmühle	7	78337	Öhningen (Bodensee)	Gesa.Fetzer@example.org
470103	Oldenburg	Luka	 	Am Pommerndreieck	8	91555	Tauberschallbach	Luka.Oldenburg@example.de
470104	Schulz	Marta	 	Lichtenweg	81	51381	Bergisch Neukirchen	Marta.Schulz@example.in
470105	Liebmann	Artur	 	Auf dem Deich	7	41569	Gill	Artur.Liebmann@example.com
470106	Wehrmann	Imke	 	Dr.-Robbers-Straße	41	51061	Flittard	Imke.Wehrmann@example.co
470107	Hoppe	Elbert	 	Hallermünder Straße	9	74679	Halberg	Elbert.Hoppe@example.de
470108	Heid	Anke	 	Moosbachstraße	1b	67742	Ginsweiler	Anke.Heid@example.pl
470109	Lohse	Iris	 	Kühlwetterstraße	33	83278	Wolkersdorf, Oberbayern	Iris.Lohse@example.de
470110	Hahne	Ilona	 	Auwaldhof	1	84494	Stützing	Ilona.Hahne@example.it
470111	Holzwarth	Janina	 	Grasweiherweg	5	95352	Hermes	Janina.Holzwarth@example.de
470112	Faulhaber	Paul	 	Elisabeth-Großwendt-Straße	28	54668	Ferschweiler	Paul.Faulhaber@example.de
470113	Bell	Lilli	 	Am Kulmberg	25	34308	Sand über Kassel	Lilli.Bell@example.de
470114	Rupp	Christian	 	Kaiserdamm	10	4827	Machern bei Wurzen	Christian.Rupp@example.de
470115	Boden	Eduard	 	August-Vogel-Straße	9	29451	Splietau	Eduard.Boden@example.info
470116	Diederich	Eginhardt	 	Humannstraße	19	49681	Petersfeld, Kreis Cloppenburg	Eginhardt.Diederich@example.de
470117	Landwehr	Auguste	 	Kittlerstraße	10b	26802	Jheringsfehn	Auguste.Landwehr@example.de
470118	Markert	Ekkart	 	Bredenberger Weg	9	25715	Theeberg	Ekkart.Markert@example.net
470119	Heinrichs	Yannic	 	Hoher Geestweg	7	49685	Hoheging, Gemeinde Emstek	Yannic.Heinrichs@example.info
470120	Brosch	Diethard	 	Kurze Trift	11	65375	Winkel	Diethard.Brosch@example.de
470121	Dewald	Eustachius	 	Eiserweg	124	58339	Breckerfeld	Eustachius.Dewald@example.de
470122	Helm	Michael	 	Dorf-Straße	4	6712	Breitenbach bei Zeitz, Elster	Michael.Helm@example.de
470123	Knopf	Janet	 	Heesestraße	107	71577	Altfürstenhütte	Janet.Knopf@example.org
470124	Nießen	Ulrich	 	Auf der Lay	1	91327	Hungenberg	Ulrich.Nießen@example.de
470125	Hanisch	Karola	 	Am Sterzelbach	186	84431	Unterkagn, Oberbayern	Karola.Hanisch@example.de
470126	Krauß	Margot	 	Lukas-Kuner-Weg	97	1768	Bärenstein, Osterzgebirge	Margot.Krauß@example.de
470127	Knüppel	Hermann	 	Am Hirschenstein	42	51545	Dickhausen, Oberberg Kreis	Hermann.Knüppel@example.biz
470128	Wiegand	Timm	 	Junkeräckerstraße	23	34513	Waldeck	Timm.Wiegand@example.de
470129	Merz	Falko	 	Bergheimer Straße	9	88239	Schlachters	Falko.Merz@example.com
470130	Abele	Caren	 	Lieschensruh	3	83109	Zweckstätt	Caren.Abele@example.co
470131	Welzel	Engelbrecht	 	Fabrikstraße	193	82282	Waltershofen bei Unterschweinbach	Engelbrech.Welzel@example.pl
470132	Heiser	Lidia	 	Kopstadtplatz	30	21765	Osterende	Lidia.Heiser@example.de
470133	Maul	Margot	 	Kirchharpener Straße	191	56283	Mermuth	Margot.Maul@example.de
470134	Kölling	Dietfried	 	Klobensteiner Straße	33	87724	Reuthen	Dietfried.Kölling@example.com
470135	Till	Dörthe	 	Anton-Grebe-Straße	5	34379	Calden, Hessen	Dörthe.Till@example.it
470136	Löffler	Luka	 	Ängerleinstraße	112	49624	Altenbunnen	Luka.Löffler@example.de
470137	Behringer	Svenja	 	Lehmbarg	20	94474	Hördt, Niederbayern	Svenja.Behringer@example.de
470138	Döring	Leah	 	Iltishook	23	84494	Feichten	Leah.Döring@example.biz
470139	Bischoff	Karolin	 	Fromundstraße	2	91054	Erlangen	Karolin.Bischoff@example.de
470140	Geis	Elke	 	Bremervörder Straße	130	92280	Freischweibach bei Amberg, Oberpfalz	Elke.Geis@example.org
470141	Bock	Jacob	 	Durlacher Straße	4	34537	Bergfreiheit	Jacob.Bock@example.de
470142	Schill	Kurt	 	Karrenbruch	21	93170	Wolfersdorf, Oberpfalz	Kurt.Schill@example.in
470143	Junk	Dietgar	 	Fischzug	13	91483	Prühl	Dietgar.Junk@example.de
470144	Gerken	Meta	 	Maxlrainerweg	3	56759	Kaisersesch	Meta.Gerken@example.pl
470145	Bühner	Helga	 	Kleiner Floraweg	4	84104	Pittersdorf, Kreis Mainburg	Helga.Bühner@example.de
470146	Orlowski	Dionys	 	Am Ausee	28	84175	Vilssattling, Bayern	Dionys.Orlowski@example.de
470147	Thormann	Ilona	 	Kirrlacher Straße	27	7366	Harra	Ilona.Thormann@example.com
470148	Schuller	Dominik	 	Kassubenweg	21	93149	Trumling	Dominik.Schuller@example.de
470149	Hauer	Lukas	 	An der Stadtmarter	11	84570	Obermoosham	Lukas.Hauer@example.de
470150	Böhme	Edmar	 	Flutgraben	10a	74736	Vollmersdorf	Edmar.Böhme@example.de
470151	Neu	Eckhart	 	Döschers Trift	15	89312	Deffingen	Eckhart.Neu@example.de
470152	Hofmeister	Donat	 	Max-Sabersky-Allee	107	98587	Altersbach bei Schmalkalden	Donat.Hofmeister@example.de
470153	Stutz	Denis	 	Dartmanns Kamp	10	91550	Gersbronn	Denis.Stutz@example.de
470154	Tittel	Erwin	 	Geersstraße	30	70734	Fellbach (Württemberg)	Erwin.Tittel@example.de
470155	Kautz	Ute	 	Jakobistraße	25	86438	Kissing	Ute.Kautz@example.de
470156	Pflüger	Ferdi	 	Auf der Hof	5	91230	Mosenhof	Ferdi.Pflüger@example.it
470157	Holzmann	Louise	 	Bernhard-Grabbe-Weg	86	67229	Großkarlbach	Louise.Holzmann@example.de
470158	Drechsler	Louis	 	Am Krummen Pfuhl	10	51467	Gladbach	Louis.Drechsler@example.de
470159	Ortner	Eckard	 	Exeterweg	21	86450	Hennhofen, Schwaben	Eckard.Ortner@example.de
470160	Gast	Celina	 	Am Heckerpfad	9	84419	Wörth	Celina.Gast@example.de
470161	Engelmann	Margrit	 	Landeskronstraße	18	89438	Holzheim, Kreis Dillingen an der Donau	Margrit.Engelmann@example.de
470162	Süß	Diether	 	Eickeler Straße	1	83329	Untermoosen bei Waging am See	Diether.Süß@example.de
470163	Mayerhofer	Annica	 	Im Greut	34	74078	Frankenbach	Annica.Mayerhofer@example.de
470164	Hirschfeld	Dorothea	 	Hermann-Ehlers-Straße	25	68309	Mannheim, Universitätsstadt	Dorothea.Hirschfeld@example.de
470165	Eckel	Waltraut	 	Hohentorstraße	4	49152	Heithöfen	Waltraut.Eckel@example.org
470166	Küsters	Dietolf	 	Mülheimer-Straße	67	88285	Steinhaus	Dietolf.Küsters@example.info
470167	Rummel	Astrid	 	Klein Bartelstorf	29	23619	Hansfelde, Holstein	Astrid.Rummel@example.de
470168	Vögele	Louis	 	Georg-Staber-Ring	23	95194	Unterhammer	Louis.Vögele@example.de
470169	Aydin	Moritz	 	Badeleber Straße	2	57368	Saalhausen, Sauerland	Moritz.Aydin@example.de
470170	Strack	Amelie	 	Kaiserdamm	9	97725	Trimberg	Amelie.Strack@example.de
470171	Eberhardt	Ernst	 	Heinkstraße	151	37287	Hoheneiche, Kreis Eschwege	Ernst.Eberhardt@example.biz
470172	Häfele	Eveline	 	Am Steigle	151	51645	Gummersbach	Eveline.Häfele@example.name
470173	Völkl	Margarethe	 	Ebberg	3	6642	Altenroda	Margarethe.Völkl@example.net
470174	Buhr	Ferdi	 	Klein-Gerauer Weg	13	87471	Durach	Ferdi.Buhr@example.org
470175	Buss	Liselotte	 	In den Rauhweiden	8	4575	Neukieritzsch	Liselotte.Buss@example.de
470176	Bönisch	Emil	 	Belzgasse	17	76889	Kapellen-Drusweiler	Emil.Bönisch@example.de
470177	Niermann	Friederike	 	Bopserstraße	7	25704	Meldorf (Holstein)	Friederike.Niermann@example.de
470178	Dohrmann	Dirk	 	Berghoffstraße	25	88171	Schreckenmanklitz im Allgäu	Dirk.Dohrmann@example.it
470179	Oßwald	Dietger	 	August-Antz-Straße	9	84175	Gerzen	Dietger.Oßwald@example.de
470180	Hase	Erfried	 	Altmühlweg	2	53498	Niederbreisig	Erfried.Hase@example.name
470181	Götze	Diethmar	 	Andreas-Kremp-Straße	218	98590	Wernshausen	Diethmar.Götze@example.org
470182	Plötz	Nikola	 	Mühldorfer Straße	15	86653	Flotzheim, Schwaben	Nikola.Plötz@example.in
470183	Kittel	Martina	 	Jakobshof	4	91207	Oedenberg	Martina.Kittel@example.de
470184	Schmelzer	Wera	 	Maria-Probst-Straße	22	56410	Ettersdorf	Wera.Schmelzer@example.de
470185	Israel	Falko	 	Heideweg 1	26	63937	Weilbach, Unterfranken	Falko.Israel@example.de
470186	Hintze	Engelbert	 	Iptinger Weg	25	87719	Doldenhausen, Schwaben	Engelbert.Hintze@example.de
470187	Seelig	Erkmar	 	Hädrichweg	54	9235	Burkhardtsdorf	Erkmar.Seelig@example.in
470188	Kluth	Ekkehardt	 	Hans-Willy-Mertens-Straße	8	77887	Sasbachwalden	Ekkehardt.Kluth@example.de
470189	Kistner	Anni	 	Am Krummer	141	83730	Osten, Kreis Miesbach	Anni.Kistner@example.in
470190	Metzler	Florentius	 	Blumenpfad	30	15326	Zeschdorf	Florentius.Metzler@example.co
470191	Pusch	Emmeran	 	Karl-Mantel-Straße	1	85406	Abersberg an der Amper	Emmeran.Pusch@example.org
470192	Holzner	Inga	 	Blankensteinstraße	21	53859	Mondorf, Siegkreis	Inga.Holzner@example.name
470193	Maiwald	Felix	 	Markt Erlbacher Straße	2	84371	Godlsham bei Pfarrkirchen, Niederbayern	Felix.Maiwald@example.de
470194	Rommel	Maren	p. Adr. Günter Zimmer	Leutershäuser Straße	25	94513	Frohnreuth, Niederbayern	Maren.Rommel@example.de
470195	Putz	Adolf	 	Charlottenburger Weg	12	74321	Bissingen	Adolf.Putz@example.org
470196	Henke	Ann	 	Bamerstraße	220	73553	Schillinghof	Ann.Henke@example.de
470197	Leistner	Gerhard	 	Brodenheckstraße	32	6842	Dessau, Anhalt	Gerhard.Leistner@example.biz
470198	Geppert	Ines	 	Anton-Meindl-Straße	28	57413	Frettermühle	Ines.Geppert@example.org
470199	Brockmann	Isabel	 	An der Alten Synagoge	164	73497	Bleichroden	Isabel.Brockmann@example.info
470200	Köhl	Karla	 	Martin-Schorer-Straße	8	90559	Burgthann	Karla.Köhl@example.de
470201	Hendricks	Katarina	 	Fritz-Büchner-Straße	8	17291	Potzlow	Katarina.Hendricks@example.de
470202	Hilbig	Ehrhardt	 	Hermann-Ferres-Straße	28	34454	Braunsen	Ehrhardt.Hilbig@example.de
470203	Bergemann	Larissa	 	Erhardusstraße	151	87527	Schweineberg	Larissa.Bergemann@example.de
470204	Wendler	Ingo	 	Auf der Tonn	5	82282	Aufkirchen bei Unterschweinbach	Ingo.Wendler@example.name
470205	Wiegand	Luis	 	Leiteweg	6	84367	Madl	Luis.Wiegand@example.de
470206	Deppe	Erhardt	 	Bechen	196	77723	Haigerach	Erhardt.Deppe@example.de
470207	Pesch	Carola	 	Krog	26	87463	Osterwald	Carola.Pesch@example.de
470208	Fütterer	Marina	 	Grethenweg	145	78592	Egesheim	Marina.Fütterer@example.de
470209	Kösters	Erik	 	Bojerstraße	5	49844	Bawinkel	Erik.Kösters@example.biz
470210	Bode	Erna	 	Mühlbacher Pfad	37	97355	Rüdenhausen	Erna.Bode@example.de
470211	Hein	Ilse	 	Flamingoweg	3	91338	Stöckach	Ilse.Hein@example.co
470212	Kock	Janett	 	Kamerstücken	25	95491	Volsbach	Janett.Kock@example.de
470213	Schenk	Marc	 	Hans-Denck-Straße	4	30880	Laatzen bei Hannover	Marc.Schenk@example.biz
470214	Eckart	Dominik	 	Bäumengasse	65	6632	Gleina bei Naumburg	Dominik.Eckart@example.de
470215	Gerber	René	 	Franziskanerweg	6	84149	Kreuz, Vils	René.Gerber@example.de
470216	Stach	Patrick	 	Am Weinstock	28	77866	Rheinbischofsheim	Patrick.Stach@example.de
470217	Wege	Ralph	 	Marsopstraße	6	63505	Langenselbold	Ralph.Wege@example.de
470218	Maul	Finn	 	Eckdorfer Straße	11	54451	Irsch, Saar	Finn.Maul@example.name
470219	Siegert	Else	 	Nammer Weg	15a	24623	Großenaspe	Else.Siegert@example.de
470220	Gramlich	Tatjana	 	Königsstraße	1	88433	Schemmerhofen	Tatjana.Gramlich@example.de
470221	Gries	Constanze	 	Bockshügel	43	94486	Harbach	Constanze.Gries@example.de
470222	Reinsch	Birgitt	 	Eichenbrücker Straße	7b	27389	Vahlde	Birgitt.Reinsch@example.biz
470223	Wicke	Eckhardt	 	Lammersfeld	6	82544	Egling	Eckhardt.Wicke@example.de
470224	Kastner	Artur	 	Einersheimer Straße	29	39356	Hödingen bei Haldensleben	Artur.Kastner@example.de
470225	Fels	Heinrich	 	Karrenbruch	7	84489	Raitenhaslach	Heinrich.Fels@example.biz
470226	Forstner	Jeanette	 	Ludwig-Kossuth-Straße	164	31604	Jenhorst	Jeanette.Forstner@example.de
470227	Krammer	Dethard	 	Abt-Ferdinand-Straße	15	88281	Mühlenreute	Dethard.Krammer@example.de
470228	Adler	Klara	 	Gelbsand	9	6295	Schmalzerode	Klara.Adler@example.de
470229	Weil	Silke	 	Karlsberg	11	72510	Glashütte	Silke.Weil@example.de
470230	Grätz	Maik	 	Bettine-von-Arnim-Weg	44	86510	Holzburg bei Friedberg, Bayern	Maik.Grätz@example.de
470231	Pollak	Kathi	 	Borromäweg	3	6773	Rotta	Kathi.Pollak@example.de
470232	Voss	Lucas	 	Franziusstraße	12	66501	Kleinbundenbach	Lucas.Voss@example.org
470233	Casper	Ralph	 	Burgholz	7	32602	Uffeln	Ralph.Casper@example.in
470234	Hermanns	Ekkehardt	 	Hansator	5	6869	Griebo	Ekkehardt.Hermanns@example.de
470235	Zeller	Hedwig	 	Herrmann-Wäschke-Weg	6	42555	Nierenhof	Hedwig.Zeller@example.de
470236	Raupach	Hannelore	 	An der Beke	8	13465	Berlin	Hannelore.Raupach@example.biz
470237	Höller	Tamara	 	Contzenhof	130	74575	Könbronn	Tamara.Höller@example.info
470238	Korb	Angelika	 	Am Kirchteich	4	93197	Laub, Oberpfalz	Angelika.Korb@example.pl
470239	Hochmuth	Hans	 	Dennacher Straße	19	94375	Grub	Hans.Hochmuth@example.name
470240	Kappes	Katarina	 	Kurt-Georg-Kiesinger-Allee	7	30900	Elze	Katarina.Kappes@example.org
470241	Guth	Christiane	 	Am Melbersee	29	24369	Waabs	Christiane.Guth@example.de
470242	Reschke	Verena	 	Joachimstrasse	5	69207	Bruchhausen	Verena.Reschke@example.biz
470243	Fix	Ekhardt	 	Molsberger Straße	148	74594	Marktlustenau	Ekhardt.Fix@example.net
470244	Gölz	Irina	 	Krienitzstraße	6	84533	Oberpiesing, Inn	Irina.Gölz@example.it
470245	Völkl	Delf	 	Illenauer Straße	67	75323	Sprollenhaus	Delf.Völkl@example.in
470246	Wunder	Artur	 	Im Neurod	28	84419	Obertaufkirchen	Artur.Wunder@example.de
470247	Jünemann	Jana	 	Anton-Fehr-Straße	10	86690	Heißesheim	Jana.Jünemann@example.de
470248	Wollschläger	Marc	 	Eichenwäldchen	95	83126	Asten am Inn	Marc.Wollschläg@example.de
470249	Tischer	Anica	 	Ilsenweg	13	94060	Aumühle	Anica.Tischer@example.de
470250	Hantke	Astrid	 	Alter Grenzweg	19	84347	Loh	Astrid.Hantke@example.de
470251	Görgen	Claudia	 	Huckebeinweg	25	95030	Osseck, Saale	Claudia.Görgen@example.net
470252	Henrichs	Bertha	 	Im Schraien	28	57610	Amteroth	Bertha.Henrichs@example.de
470253	Sperber	Eckhardt	 	Marstallhof	128	22419	Hamburg	Eckhardt.Sperber@example.de
470254	Elsner	Marvin	 	Johannes-Kamprath-Weg	13	50997	Meschenich	Marvin.Elsner@example.de
470255	Höfling	Meike	 	Der Scheitrain	11	79379	Britzingen	Meike.Höfling@example.de
470256	Süß	Florian	 	Kupfermühlenweg	23	4924	Maasdorf bei Falkenberg, Elster	Florian.Süß@example.de
470257	Hamm	Sigrid	p. Adr. Jonathan Mittermeier	Michael-Vehe-Straße	3	94164	Sonnen, Niederbayern	Sigrid.Hamm@example.de
470258	Herget	Anika	 	Meenewischen	1	84337	Schönau, Niederbayern	Anika.Herget@example.de
470259	Walter	Mark	 	Am Mahlberg	2	94571	Ensmannsberg	Mark.Walter@example.de
470260	Yildirim	Luise	 	Birkenheg	4	17335	Neuensund	Luise.Yildirim@example.de
470261	Andreas	Margarethe	 	Lettberger Straße	6	27243	Reckum	Margarethe.Andreas@example.co
470262	Klapper	Else	p. Adr. Degenhard Jüngling	Kasterstraße	144	87561	Dietersberg	Else.Klapper@example.org
470263	Gäbler	Nadin	 	Am Siepbach	6	67308	Zellertal, Pfalz	Nadin.Gäbler@example.de
470264	Harnisch	Catrin	 	Am Rotschlößle	6	85084	Langenbruck, Kreis Pfaffenhofen an der Ilm	Catrin.Harnisch@example.in
470265	Jost	Curd	 	Max-Born-Weg	12	88271	Rimmersberg	Curd.Jost@example.de
470266	Jünger	Ermenfried	z. Hd. Curt Kirchhoff	Am Pastoratshof	90	54472	Filzen	Ermenfried.Jünger@example.in
470267	Dorn	Edith	 	Denkmalweg	11	18236	Klein Siemen	Edith.Dorn@example.de
470268	Zielinski	Katarina	 	Adelmannsdorfer Straße	1	94560	Penzenried	Katarina.Zielinski@example.name
470269	Stiller	Dionys	 	Krumbacherstraße	10	94152	Mittich	Dionys.Stiller@example.de
470270	Hundertmark	Catarina	 	Dalbergergasse	13	29581	Holthusen II	Catarina.Hundertmar@example.com
470271	Hofstetter	Swen	 	Lechhalde	145	88630	Mottschieß	Swen.Hofstetter@example.de
470272	Obermeier	Paula	 	Koenenkampweg	3a	1920	Elstra	Paula.Obermeier@example.de
470273	Hackenberg	Janet	 	Ehndorfer Straße	34	97253	Wolkshausen	Janet.Hackenberg@example.de
470274	Lechner	Lilly	 	Friedrich-Kahl-Straße	1	53842	Spich, Siegkreis	Lilly.Lechner@example.de
470275	Schürer	Wolfgang	 	Irlbacher Straße	4	26131	Bloherfelde	Wolfgang.Schürer@example.de
470276	Krieg	Martin	 	Massner Straße	162	94513	Lueg	Martin.Krieg@example.in
470277	Wessels	Ralf	 	Böllerts Höfe	10	85622	Feldkirchen	Ralf.Wessels@example.net
470278	Speck	Emilie	 	Am Hünenkamp	2	85354	Sünzhausen, Oberbayern	Emilie.Speck@example.de
470279	Völker	Fidelius	 	Mollerbachstraße	16	67280	Boßweiler	Fidelius.Völker@example.de
470280	Andresen	Johann	 	Am Oberen Felde	88	83646	Bibermühle	Johann.Andresen@example.de
470281	Faust	Florentius	 	Füseholm	18	79862	Amrigschwand	Florentius.Faust@example.de
470282	Gottwald	Florian	 	Haggeneyweg	5	82065	Buchenhain, Isartal	Florian.Gottwald@example.com
470283	Göring	Gesa	 	Hengstbacherstraße	10	88662	Nußdorf	Gesa.Göring@example.de
470284	Höpfner	Tania	 	Apothekerberg	17	96126	Gückelhirn	Tania.Höpfner@example.de
470285	Kaufmann	Erk	 	Diekmüllerbaum	15	14913	Nonnendorf bei Jüterbog	Erk.Kaufmann@example.de
470286	Schöttler	Emanuel	 	Freibrunnen	4	30167	Herrenhausen	Emanuel.Schöttler@example.pl
470287	Baer	Mirjam	 	Griebener Weg	26	14641	Mühlenberge	Mirjam.Baer@example.in
470288	Wüst	Elisabeth	 	Backeshof	82	74245	Teusserbad	Elisabeth.Wüst@example.de
470289	Sowa	Rainer	 	Falkenrotter Straße	25	37586	Lüthorst	Rainer.Sowa@example.it
470290	Seel	Hatice	 	Filderbahnplatz	5	72074	Innenstadt	Hatice.Seel@example.de
470291	Pfeifer	Kay	 	Havelmüllerweg	3	61203	Dorn-Assenheim	Kay.Pfeifer@example.de
470292	Loch	Dominik	 	Lührmannstraße	9a	39524	Wulkau	Dominik.Loch@example.in
470293	Zell	Nick	 	Im Bögel	25	38667	Bad Harzburg	Nick.Zell@example.de
470294	Ebert	Eduardt	 	Am Feuerteich	25	71549	Ebersberg, Schloß	Eduardt.Ebert@example.de
470295	Kretschmer	Otto	 	Hüholz	2	91560	Bonnhof	Otto.Kretschmer@example.info
470296	Rössler	Dieter	 	Hessen-Homburg-Platz	18	97993	Lichtel, Württemberg	Dieter.Rössler@example.info
470297	Bonn	Carolin	 	Ackerrain	11	57339	Birkefehl	Carolin.Bonn@example.de
470298	Hügel	Klara	 	Lichtenbergweg	23	54483	Thalkleinich	Klara.Hügel@example.de
470299	Wegmann	Miriam	 	Geflügelsteig	6	22529	Stellingen	Miriam.Wegmann@example.info
470300	Wieland	Meta	 	Masch	10	27432	Hönau-Lindorf	Meta.Wieland@example.de
470301	Roloff	Finn	 	Berlebecker Straße	16a	4932	Merzdorf bei Elsterwerda	Finn.Roloff@example.de
470302	Riemer	Andrea	 	Brandenberger Straße	6	95519	Schlammersdorf	Andrea.Riemer@example.de
470303	Schlenker	Johann	 	Hemmerder Kirchplatz	25	88410	Knetzenweiler	Johann.Schlenker@example.de
470304	Vogler	Dorothea	 	Bruchfeldstraße	7	8318	Hundshübel	Dorothea.Vogler@example.de
470305	Kugler	Hermann	 	Dr.-Fritz-Kalkoff-Straße	24	25575	Beringstedt	Hermann.Kugler@example.de
470306	Klee	Elena	 	Auf der Klippe	2	14641	Tietzow	Elena.Klee@example.org
470307	Stier	Fatma	 	Häusleweg	6	61118	Dortelweil	Fatma.Stier@example.de
470308	Schwarze	Detmar	 	Lütt Iserbrook	28	59872	Laer	Detmar.Schwarze@example.de
470309	Bangert	Eckardt	 	Auf'm Kirchenbühl	76	83134	Irlach	Eckardt.Bangert@example.de
470310	Hümmer	Florentin	 	Emil-Buscher-Straße	4	16775	Löwenberg bei Gransee	Florentin.Hümmer@example.de
470311	Hund	Carola	 	Hans-Thoma Weg	8	56459	Mähren	Carola.Hund@example.de
470312	Zitzmann	Swenja	 	Lewesweg	9	21765	Nordleda	Swenja.Zitzmann@example.de
470313	Grünewald	Anica	 	Johann-Socher-Straße	23	86368	Gailenbach	Anica.Grünewald@example.info
470314	Grünwald	Diethart	 	In den Wingert	78	67829	Callbach	Diethart.Grünwald@example.de
470315	Bothe	Christin	 	Franz-Hoffmann-Straße	28	85405	Kleinwolfersdorf	Christin.Bothe@example.de
470316	Kroll	Erk	 	Am Schafacker	26	38704	Othfresen	Erk.Kroll@example.pl
470317	Oehme	Degenhard	 	Eckstädter Platz	9	86169	Hammerschmiede	Degenhard.Oehme@example.de
470318	Jobst	Uwe	 	Birkenweiler 4.Gartenweg	201	84326	Oberhöft, Niederbayern	Uwe.Jobst@example.de
470319	Rode	Sinah	 	An der Pferdebahn	214	52156	Dreistegen	Sinah.Rode@example.de
470320	Kastner	Denise	 	Bellweweg	75	95349	Hörlinreuth	Denise.Kastner@example.in
470321	Dost	Susann	 	Jacobäerstraße	5	84030	Ergolding	Susann.Dost@example.de
470322	Eichmann	Karen	 	Barschweg	3	85469	Kuglern	Karen.Eichmann@example.com
470323	Hauschild	Swantje	 	Am Weinberg	28	6909	Trebitz bei Lutherstadt Wittenberg	Swantje.Hauschild@example.de
470324	Bruckner	Jana	 	Große Seestraße	11	16775	Wentow 	Jana.Bruckner@example.de
470325	Rickert	Kathrin	 	Billerbecker Straße	6	45478	Speldorf	Kathrin.Rickert@example.de
470326	Aschenbrenner	Katarzyna	 	Am Buchberg	148	74193	Stetten	Katarzyna.Aschenbren@example.de
470327	Kammerer	Dankhard	 	Diepenstraße	1	94157	Bibereck im Wald	Dankhard.Kammerer@example.de
470328	Droste	Philipp	 	Lichtwerstraße	13a	72108	Rottenburg	Philipp.Droste@example.de
470329	Fritsch	Edwin	 	Hanseatenweg	127	84385	Limbach	Edwin.Fritsch@example.de
470330	Jaeger	Anett	 	Humbrink	177	41747	Hoser	Anett.Jaeger@example.de
470331	Stiller	Helene	 	Am Stratjebusch	1	53809	Hodgeroth	Helene.Stiller@example.in
470332	Jungmann	Kathi	 	Kleine Heide	12	56305	Puderbach	Kathi.Jungmann@example.de
470333	Ohm	Ingeborg	 	Käthe-Schwerdtfeger-Weg	22	55278	Hahnheim	Ingeborg.Ohm@example.com
470334	Geyer	Friedrich	 	Am Kalkwerk	223	21522	Bullendorf bei Lauenburg, Elbe	Friedrich.Geyer@example.biz
470335	Jacobs	Engelmar	 	Gänserberg	9	85111	Ochsenfeld	Engelmar.Jacobs@example.de
470336	Heller	Ferdi	 	Alte Bahn	224	24321	Helmstorf bei Lütjenburg	Ferdi.Heller@example.de
470337	Heiser	Karsten	 	Kathreinweg	30	82140	Olching	Karsten.Heiser@example.biz
470338	Thielmann	Paula	 	Grünenkamper Straße	42	37547	Beulshausen	Paula.Thielmann@example.info
470339	Schnitzer	Heidi	 	Johann-Sump-Straße	189	37290	Weidenhausen, Kreis Eschwege	Heidi.Schnitzer@example.org
470340	Stach	Ewald	 	Fühlestraße	7	34630	Sebbeterode	Ewald.Stach@example.org
470341	Kießling	Detlev	 	Ebersheimstraße	13	21756	Isensee	Detlev.Kießling@example.pl
470342	Sohn	Marta	 	An den Geiselwiesen	5	76593	Lautenbach	Marta.Sohn@example.in
470343	Knecht	Charlotte	 	Finther Straße	17	91601	Ziegelhaus	Charlotte.Knecht@example.de
470344	Steger	Bruno	 	Gothendorf	5	39291	Grabow bei Burg	Bruno.Steger@example.de
470345	Zeh	Ilona	 	Auf der Lay	6	17291	Dauer	Ilona.Zeh@example.de
470346	Holtz	Ursula	 	Georg-Grosser-Straße	25	17153	Gülzow bei Malchin	Ursula.Holtz@example.it
470347	Stingl	Janette	 	In den Höffeln	25	36358	Rixfeld	Janette.Stingl@example.de
470348	Tonn	Edmund	 	Meggendorferstraße	4b	54426	Naurath (Wald)	Edmund.Tonn@example.biz
470349	Hansel	Ben	 	An den Glöcknerwiesen	28	79736	Egg	Ben.Hansel@example.biz
470350	Lenk	Edelwald	 	Hehlingsgrund	12	84152	Haberdorn	Edelwald.Lenk@example.de
470351	Oster	Janina	 	Knospenstraße	147	96260	Altendorf	Janina.Oster@example.de
470352	Rabe	Dominikus	 	Ehbachstraße	6	36282	Oberhaun	Dominikus.Rabe@example.com
470353	Wilhelmi	Dörte	 	Am Kloster	3a	94569	Michaelsbuch	Dörte.Wilhelmi@example.de
470354	Franck	Waltraud	z. Hd. Curt Kirchhoff	Lehfeld	120	92280	Wolfersdorf	Waltraud.Franck@example.de
470355	Dick	Karola	 	Grubmühl	10	92287	Greining	Karola.Dick@example.co
470356	Thiele	Beate	 	Koreastraße	70	21217	Fleestedt	Beate.Thiele@example.de
470357	Erhard	Gertrud	 	Am Hagenbach	21	87538	Oberthalhofen im Allgäu	Gertrud.Erhard@example.de
470358	Rott	Albert	 	An der B4	2	72760	Betzingen	Albert.Rott@example.de
470359	Gutzeit	Edelhard	 	Kurze Kamp	5	94474	Sollasöd, Niederbayern	Edelhard.Gutzeit@example.de
470360	Schöne	Damian	 	Jacobikirchplatz	112	93453	Neukirchen beim Heiligen Blut	Damian.Schöne@example.de
470361	Probst	Harry	 	Hohewarter Weg	2	63683	Lißberg, Hessen	Harry.Probst@example.net
470362	Wick	Larissa	 	Am Taterberg	212	94166	Stubenberg	Larissa.Wick@example.pl
470363	Haupt	Anne	 	Heinrich-Netzel-Weg	124	1809	Dohna, Sachsen	Anne.Haupt@example.de
470364	Klocke	Pamela	 	Am Kreuzschleifer	15	79737	Giersbach	Pamela.Klocke@example.com
470365	Kaspar	Alexandra	 	Hahnkamper Weg	119	82549	Höfen	Alexandra.Kaspar@example.net
470366	Bollmann	Hannah	 	Merzenberg	7a	29410	Chüden	Hannah.Bollmann@example.biz
470367	Langner	Sonja	 	Beim Geistertrum	14	24819	Maisborstel	Sonja.Langner@example.co
470368	Hollmann	Wiebke	 	Diesberg	59	54498	Reinsport	Wiebke.Hollmann@example.de
470369	Kröner	Diethardt	 	Leuterwitz	26	1877	Schmölln-Putzkau	Diethardt.Kröner@example.de
470370	Kolberg	Elfriede	 	Irisstraße	16	64739	Hassenroth	Elfriede.Kolberg@example.com
470371	Junk	Rolf	 	Josef-Ries-Straße	7	23923	Lüdersdorf, Mecklenburg	Rolf.Junk@example.pl
470372	Weißenborn	Olaf	 	Im grünen Anger	10	91555	Höfstetten	Olaf.Weißenborn@example.de
470373	Baumgärtel	Engelhardt	 	Grafhorst	10	87452	Diesenbach	Engelhardt.Baumgärtel@example.de
470374	Becker	Jan	 	Kappenberger Damm	20	83349	Oberroidham	Jan.Becker@example.in
470375	Menges	Hannelore	 	Broder-Lorenz-Nissen-Straße	103	88239	Rhein	Hannelore.Menges@example.de
470376	Nicolai	Brigitte	 	Max-Eyth-Allee	171	91180	Liebenstadt	Brigitte.Nicolai@example.de
470377	Rupprecht	Falk	 	Hobargsweg	10	26904	Nordkamp	Falk.Rupprecht@example.com
470378	Petzold	Michaela	 	In der Twiete	104	91347	Zochenreuth	Michaela.Petzold@example.de
470379	Adler	Dominic	 	Am Turnplatz	112	45478	Speldorf	Dominic.Adler@example.de
470380	Dierks	Falk	 	Am Gerodden	214	88175	Ebenschwand, Allgäu	Falk.Dierks@example.de
470381	Schaefer	Bernd	 	Itzumer Hauptstraße	19	6926	Buschkuhnsdorf	Bernd.Schaefer@example.org
470382	Ruppel	Dankhard	 	Diemitzer Straße	98	31171	Heyersum	Dankhard.Ruppel@example.de
470383	Schick	Leoni	 	Böhmersweg	14	36166	Odensachsen	Leoni.Schick@example.de
470384	Langner	Waltraut	 	Laizer Weg	4	97705	Zahlbach	Waltraut.Langner@example.de
470385	Kleine	Peter	 	Gattern	20	39393	Ohrsleben	Peter.Kleine@example.de
470386	Selzer	Celina	 	An der Bockwindmühle	14	33106	Elsen, Kreis Paderborn	Celina.Selzer@example.co
470387	Wilkens	Georg	 	Hahnerweg	17	85452	Eichenried bei Erding	Georg.Wilkens@example.pl
470388	Reisinger	Jenny	 	Kornblumenring	4	56858	Würrich	Jenny.Reisinger@example.biz
